0195c3bb-5642-769f-8c4f-82e572235c5b,0195c395-5c29-76cf-8e71-03a8fe652939,1742745589314,bg,145,207
0195c3bb-6d02-73dc-ace8-ebb2c8edf0d4,0195c395-5af8-7216-8571-e8e66281d6f9,1742745595138,bg,175,192
0195c3ce-1478-71dd-9848-4c691ee8624d,0195c395-5c51-73b4-8f85-7bce44eed67a,1742746817657,bs,239,255
0195c3d3-9c58-7148-b17f-3950b8c37738,0195c3d3-74d7-709e-a377-4807b5b0ab8b,1742747180121,bg,175,255
0195c3d3-b758-754c-94a4-cdccf9b782e4,0195c3d3-7856-703b-ab4d-ec1fe4d2ada6,1742747187032,bg,159,176
0195c3d3-db99-7724-a648-c235dea9b719,0195c3d3-7691-76da-9fb2-adc0e67abe23,1742747196314,bg,190,89
0195c3d3-e351-7611-aa76-0ac15be4a0ab,0195c3d3-76ed-72ce-995c-d9a0cdba1dc1,1742747198289,bg,68,243
0195c3d7-e5bd-75c5-8c30-921a01340746,0195c3d4-62ff-755b-abc7-6401b63bcbc2,1742747461064,bg,159,240
0195c3d8-225c-757f-8895-1017c6fe547a,0195c3d4-64d3-771a-a2f0-a9a20913bec2,1742747476585,bg,48,229
0195c3d8-2c0c-76fb-8a86-00ee6f37ef73,0195c3d4-652d-7151-9730-c246ba7fedbf,1742747479052,bg,159,255
0195c3da-9889-746b-8abd-d35e3f8de38e,0195c3da-6310-7375-8d99-64ead9908b9e,1742747637909,ws,141,218
0195c3da-b787-708f-b742-7860c7b39a78,0195c3da-6104-71f7-90c7-9739244dd4e6,1742747645831,ws,100,192
0195c3dc-73d6-71db-924d-7ef51c3935ac,0195c3da-6139-76db-a1f6-50847faafed7,1742747759586,bs,226,255
0195c3dc-787d-75b5-9c1d-10fbe243c1ca,0195c3da-6310-7375-8d99-64ead9908b9e,1742747760765,bs,255,206
0195c3e1-b7b7-747e-8054-a4e68edaea9e,0195c3da-6104-71f7-90c7-9739244dd4e6,1742748104644,bs,140,180
0195c3f5-43a6-765a-abcc-3f1b38c6cb5a,0195c3e1-fa0d-7552-92f4-59706001aff8,1742749385639,bs,211,158
0195c409-04b7-7779-8281-d659b033f6d7,0195c3e1-fa0d-7552-92f4-59706001aff8,1742750680258,ws,95,208
0195c40d-be7a-77ba-a84c-082f38402d48,0195c3e1-f876-7169-9d32-01d415e55494,1742750989946,bs,175,255
0195c40e-07a0-72a3-8217-20b0bdae22ee,0195c3e1-f89e-71a6-adba-63d44181c699,1742751008672,ws,159,208
0195c40e-3630-7728-88eb-a77550d3e4f3,0195c3e1-f876-7169-9d32-01d415e55494,1742751020593,ws,111,176
0195c410-a32d-71a8-a3ee-aacaa07abefa,0195c410-8101-72ee-a37e-c361ae697dad,1742751179565,bg,79,224
0195c410-b81b-740b-b562-f082ef3f6e12,0195c410-80f4-707f-8aa4-c5e4fb4081de,1742751184924,bg,175,192
0195cdef-a611-713e-9e10-39077271c1a7,0195c410-811b-749e-a77f-325f43788d1a,1742916789788,bg,139,203
0195ce01-dc9e-7499-bc92-6715d3b0ac05,0195ce01-a278-7092-812c-494428ef58a2,1742917983403,bg,191,208
0195ce01-e356-7633-a706-bf1635905694,0195ce01-a220-73a6-a2eb-ce9e1281abcf,1742917985111,bg,239,255
0195ce02-01df-741a-ad68-c0ff2bcd7847,0195ce01-a3f8-710c-8676-1f8d292b65bc,1742917992927,bg,239,255
0195ce02-069e-77fa-9f2d-ad160378fba4,0195ce01-a41c-754e-ba85-b86abf1ef7ff,1742917994142,bg,143,224
0195ce05-c8ec-721e-b71e-7940b43edb0c,0195ce05-60f9-714b-ac7a-4c1daf5898f8,1742918240503,ws,44,150
0195ce05-d223-721e-bd89-ce51528b539c,0195ce05-643b-73ff-8081-759cc36d12b6,1742918242852,ws,55,183
0195ce06-8c42-75b0-b441-3a26df1b692e,0195ce06-7133-706d-8928-fc2ee00a2f9d,1742918290498,ws,99,208
0195ce06-9f32-728c-8d8c-d738f07e2481,0195ce06-7197-724f-b8ea-c909d9814177,1742918295346,ws,95,197
0195ce06-b56b-723d-8b6b-b47b027b25a4,0195ce06-72be-7028-8f9d-eed3caf2f2d4,1742918301036,ws,81,193
0195ce06-c1a1-76c8-94b7-e16a23be7a7c,0195ce06-73ba-73c2-b463-6c43734d4001,1742918304162,ws,127,208
0195ce06-d3a2-76be-9916-68c4c36bd334,0195ce06-7352-71b7-81f5-648d98d4ca7f,1742918308771,ws,111,208
0195ce07-7f5b-752d-92c1-8999e5103eb4,0195ce07-4936-70ed-aa05-0c0f557c65ba,1742918352743,ws,95,192
0195ce08-009a-72a9-ac10-2a2d8f302db6,0195ce07-4793-7664-9660-194605433bea,1742918385830,ws,77,222
0195ce08-7aa8-701b-a911-6c3d52c4003c,0195ce08-4ffe-72d8-9e47-f8ee30c79563,1742918417076,ws,74,192
0195ce08-9668-716a-85d3-c1f541e172f0,0195ce08-4ff4-728e-9624-8d947abe68f4,1742918424169,ws,127,176
0195ce08-ac69-77fa-b07c-29fac579c2bc,0195ce08-4f53-760a-9fe7-db1e1df172e3,1742918429802,ws,111,192
0195ce09-5be8-705f-819e-be9e761673bd,0195ce09-1a10-7470-8d1b-9cf74797eed3,1742918474740,bg,95,128
0195ce09-7ce7-74ee-b827-9e134e355ac9,0195ce09-1b63-748d-bc3e-8f5fc99f62d2,1742918483175,bg,239,255
0195ce0a-1f80-740d-b2a0-752d13bd2c0f,0195ce0a-0904-76b9-9192-5b5f7a69700e,1742918524800,bg,143,240
0195ce0a-2faf-7139-9da6-5f54d4abcf59,0195ce0a-09d7-70ad-9002-65615407b8a8,1742918528944,bg,95,217
0195ce0a-3f4f-75b0-ba0a-54f516710b55,0195ce0a-0a2d-72c9-a51b-2e78fdea7fe7,1742918532944,bg,159,208
0195ce0a-4cd8-7678-b06a-81d694e97129,0195ce0a-0a3d-718c-a044-231e539a732e,1742918536408,bg,127,176
0195ce0a-5c6f-7179-915f-c2f975ecb93c,0195ce0a-0a52-774a-9159-af55c34be3d7,1742918540400,bg,109,182
0195ce0a-fc66-72ea-b66f-fc39dcb27fca,0195ce0a-cad0-7319-9318-af92c03d73c6,1742918581361,ws,111,208
0195ce0b-01a7-7668-89ed-581e820a5999,0195ce0a-ccb7-73af-b2ef-5f566699e368,1742918582696,ws,89,233
0195ce0b-0ce7-76ce-9cfa-bacd007cbc25,0195ce0a-cd26-74e8-8389-d29c19f69ef3,1742918585575,ws,111,224
0195ce0b-12ed-70ce-9c5e-4a8d09c08c99,0195ce0a-cd5c-7476-981d-0febba0e098d,1742918587117,ws,127,208
0195ce0b-3e96-764c-a63f-a259acd0f18d,0195ce0a-ced6-729f-8a38-d70b13770490,1742918598306,ws,143,224
0195ce0b-d63b-76d7-8d2e-91099db76a31,0195ce0b-8382-71e9-9829-8eeb495acb14,1742918637128,ws,143,208
0195ce0b-f785-73f9-8152-47bd8b7bfeb8,0195ce0b-82f4-769b-ba25-f58b135cb2c2,1742918645637,ws,143,208
0195ce0d-3c32-769b-bc93-968b97c93c80,0195ce0b-82e1-777e-bdc5-b262783f36b5,1742918728767,bg,223,255
0198a3e3-c19a-733f-9b6b-f63a6b12796e,0198907a-aa3f-7164-8f58-d379e7a4062d,1755096269222,bg,175,208
0198a3e4-d01c-7040-886f-37580e87588a,0198907a-a8fb-7677-b140-885384fa2e96,1755096338474,bg,191,208
0198a3e5-3fe7-771d-a57f-d4a3301e87f3,0198907a-a8ee-76fa-a4d2-99d97c4331e8,1755096367090,bg,239,255
0198a3e5-b6ff-7450-93a1-0417ca254ff6,0198907a-a807-70dd-845e-89e025a17de8,1755096397568,bg,207,224
0198a3e5-db26-7138-b5be-b004ff8d589f,0198907a-a8c8-75ea-baac-cebac5bb48af,1755096406823,bg,239,255
0198a3e5-f8f6-72d8-9422-a1946dfb9a2c,0198907a-a8e4-715f-b39b-0ea539b32bf1,1755096414455,bg,239,255
0198a471-f847-7768-b2b7-68b106424d24,0198a3fb-1998-7408-8344-6c87f7c3fad8,1755105589336,bg,174,223
0198a537-b9b6-7093-9dc4-1b9a417c7ef3,0198907a-a8da-7701-bcdb-11400b4eae10,1755118549442,bg,62,206
0198a547-da68-71fd-a36e-230626995cb3,0198a3fb-1b63-72ef-b17b-e6b53d0b824e,1755119606389,bg,98,207
0198a561-00d9-718d-a2e8-1e6906b6ab7a,0198907a-aa3f-7164-8f58-d379e7a4062d,1755121254630,wg,205,240
0198a561-4a93-772a-8776-5a9e4405ed68,0198907a-a8fb-7677-b140-885384fa2e96,1755121273503,ws,207,240
0198a561-d342-756e-955a-3746ac588984,0198907a-a807-70dd-845e-89e025a17de8,1755121308496,ws,145,255
0198a562-1ed2-762f-9de1-9d9cc6f70c98,0198907a-a8e4-715f-b39b-0ea539b32bf1,1755121327839,ws,207,240
0198a562-b4ac-715a-8af7-4c4ff8e8df5b,0198907a-a8da-7701-bcdb-11400b4eae10,1755121366199,ws,194,232
0198a564-8957-7238-96f1-d2d86412a2e3,0198a564-5d0d-70cf-b1ba-faa02651f634,1755121486167,ws,95,192
0198a564-f765-7732-96ab-642c5b0ebcde,0198a564-5d2b-7560-a51f-9f1362d85844,1755121514353,wg,184,224
0198a565-303c-770c-be41-1f7291b795ad,0198a564-5d5d-755d-a5ba-d61087664e99,1755121528906,ws,95,224
0198a565-77ec-75a7-bb5e-32d3f3a2905f,0198a564-60df-76cc-b6f8-e286144329f9,1755121547256,ws,111,250
0198a567-18e4-73ed-84a7-46c02b838020,0198a3fb-1913-7528-9716-e83d712ce458,1755121654001,ws,95,223
0198a567-439d-75dd-89e4-fc759d7f1062,0198a3fb-1b63-72ef-b17b-e6b53d0b824e,1755121664937,ws,239,255
0198a567-d3b4-7390-8055-a65923417743,0198a567-6648-76bb-b64c-8a76063b79d2,1755121701825,ws,114,232
0198a567-e78f-75e2-95ba-1165b8547e90,0198a567-67e9-7379-9892-23119181bf72,1755121706895,ws,127,208
0198a568-0be0-715b-a666-f943c278a801,0198a567-6a8f-752b-a422-bc6c789b0943,1755121716192,ws,127,208
0198a568-a6e8-75bd-b3ba-540c15c2b247,0198a568-34a2-7241-b063-1813b377511b,1755121755885,ws,191,224
0198a568-ee86-7016-8ca2-62c4fa3bfaf1,0198a568-329f-756f-b923-c02f3ead254f,1755121774228,ws,172,255
0198a569-15f6-72a0-b743-9ebe8f9c62da,0198a568-3648-73ba-8890-d3f2e7595518,1755121784322,ws,175,208
0198a569-35f0-70f3-90a5-88b6b33dddfa,0198a568-384a-748a-a234-97791eb70840,1755121792496,ws,175,208
0198a9ce-d05e-75cf-9d4b-d834c5fb1217,0198907a-a7a2-748c-9909-dda1c3a62824,1755195560040,bs,239,255
0198a9cf-9ef3-73fb-bde0-fa94999c63a2,0198a9cf-1beb-720c-bec0-a1276afcec8f,1755195612929,bg,239,255
0198a9cf-ab05-7789-b29e-96afeb6382c6,0198a9cf-1bff-7468-b77b-5762be0a9344,1755195616006,bg,239,255
0198a9cf-b0cf-7089-a454-e66407fa6bac,0198a9cf-1cf8-7794-8ddd-294fc72a0ef1,1755195617488,bg,207,224
0198a9cf-c04b-773e-a142-237ec7691e79,0198a9cf-2097-7229-a315-016deba371b6,1755195621452,bg,175,192
0198a9cf-e401-70e8-961d-b01eafd31382,0198a9cf-2347-765e-8819-0e114476e732,1755195630593,bg,191,255
0198a9db-96f9-76dd-854a-288c8be1a50c,0198a9db-5072-766d-a98c-147e558a227a,1755196397319,bg,239,255
0198a9dc-4cde-72f1-bda5-d3bbfb52b9b1,0198a9db-4ecb-753a-aeb5-7d388207dd4b,1755196443882,bg,189,255
0198a9dd-8d10-739c-aade-f6428b98a4ec,0198a9dd-634c-7200-a0d4-0d1f2db3f2c4,1755196525841,bg,191,208
0198a9de-4118-700a-88ee-19fb905fd58c,0198a9dd-669c-73f9-afd5-df9a40e76f0d,1755196571940,bg,143,208
0198a9de-568e-73b9-8a7c-92278dd6c2d0,0198a9dd-6555-7489-a20d-4659898eb420,1755196577423,bg,143,208
0198a9de-9c20-755c-85aa-bb55d423674d,0198a9de-8805-707c-a111-5fa769424f30,1755196595232,bg,175,255
0198a9de-b761-7761-9c8f-5e7034b9aa52,0198a9de-8a7c-7386-ab4a-2d7b1c793d00,1755196602209,bg,175,255
0198a9de-c915-778b-9d26-33fa976e1f0f,0198a9de-89bd-7402-b293-c7389a647ee4,1755196606741,bg,175,192
0198a9de-fcf9-76b9-84e9-1004373772cf,0198a9de-8b47-724d-8aa3-d82382919725,1755196620037,bg,239,255
0198a9df-4b74-758c-a9c2-f2a24d28d0fa,0198a9de-88cc-7541-b1d5-5043be184c4c,1755196640127,bg,51,176
0198a9df-8e79-75f8-abff-01977d6c9df5,0198a9df-7dab-7088-b1ce-30db2d5926a3,1755196657274,bg,191,208
0198a9df-947f-7144-bb99-258b17db6590,0198a9df-7e91-76cb-905b-49c06d5e14db,1755196658815,bg,127,240
0198a9df-acf7-7169-8be0-84a8647b216a,0198a9df-7d50-766e-9419-7bdb0c2f02f9,1755196665080,bg,127,240
0198a9e0-6a02-72fa-ad92-88aba5836006,0198a9df-7e1e-7220-a9cd-6296b0cf1c4d,1755196713486,bg,239,255
0198a9e1-a070-70df-af23-d6384ef56136,0198a9e0-df42-73db-a1af-c267b6abddd3,1755196792958,bg,239,255
0198a9e4-9b45-70d0-9efc-ff0b5a230f14,0198a3fb-1913-7528-9716-e83d712ce458,1755196988240,bg,163,255
0198a9e4-abbb-7779-b244-9ce75554def3,0198a3fb-1927-7349-bb1d-63ada9da46a9,1755196992444,bg,191,208
0198a9e5-50f0-707a-9e37-11b11eeb83da,0198a9e4-f6d2-7519-8a4d-c30a1da3028b,1755197034748,bg,134,255
0198a9e5-5d6e-754c-922c-1f978ac54fb2,0198a9e4-f75e-710e-909b-2cc7c36f77ae,1755197037934,bg,127,160
0198a9e5-6ac5-7579-9336-e5456aec4422,0198a9e4-f826-7599-9ef8-dbe762e06f91,1755197041349,bg,143,176
0198a9e6-8d7e-729f-bb97-af8629a0861a,0198a9e6-227e-749c-96bf-32fad1547422,1755197115786,bg,59,252
0198a9e6-efc7-7529-b712-00dfe6ad5c16,0198a9e6-233b-7342-96ed-9c69dbf4391e,1755197140947,bg,149,208
0198a9e6-f6e7-7414-a34c-7ffb19cb312b,0198a9e6-2451-74af-9b40-24a798fee5d6,1755197142759,bg,159,240
0198a9e7-11b3-730c-8bf2-5e4b13bc72eb,0198a9e6-24ba-7355-b316-c1db6c748e3d,1755197149620,bg,175,208
0198a9e7-cdbf-7456-a432-2f30e53042a3,0198a9e7-3a96-70bd-85f3-6f6eaa632d95,1755197197772,bg,154,232
0198a9e9-6ceb-74cc-9c03-102ce7332978,0198a9e8-8106-756c-86fa-81ba0c9fad9a,1755197304056,bg,191,208
0198a9e9-7c57-723c-98da-94b1ce89f880,0198a9e8-8180-705e-8b63-2d2eb15cef47,1755197307991,bg,127,255
0198a9e9-aaf2-76be-b4bd-c38e359ce906,0198a9e8-8210-77c1-bdd5-41af3eedede6,1755197319934,bg,191,224
0198a9ea-9ebe-711b-88cc-325f5301cd22,0198a9ea-595a-75fd-923e-e1bcb553c311,1755197382346,bg,207,224
0198a9ea-bdba-708d-8a96-a5a1bda206f3,0198a9ea-5c23-73b9-ac12-554818fac524,1755197390267,bg,159,192
0198a9ea-f76c-7618-ac92-a1907dde276f,0198a9ea-5aa7-73a3-af73-b7db07cd83a2,1755197405048,bg,175,192
0198a9eb-440c-7219-b379-1220820ad2ee,0198a9eb-1bac-76f2-b2b4-bd28ab5edae0,1755197424652,bg,159,255
0198a9eb-535d-727f-abe7-3b65e88fd651,0198a9eb-1dbe-7038-9c19-de6ebb87a64b,1755197428573,bg,127,192
0198a9eb-75dd-77cb-8f49-a8ec41bb1596,0198a9eb-2077-76ae-a1c8-250a7a1d8d0b,1755197437406,bg,159,208
0198a9eb-8289-7579-8613-1cea25ce3f30,0198a9eb-215a-71ef-b9cb-86f9a22a3329,1755197440649,bg,95,224
0198a9ed-0965-709b-af3b-04abd061d90e,0198a9ec-e7b2-700f-b22d-1034a63969a1,1755197540710,bg,191,224
0198a9ed-32c9-7389-a967-4e903a9a891a,0198a9ec-e868-769c-b362-968326a858b1,1755197551317,bg,239,255
0198a9ed-7820-725c-8a0d-f0e0a079c28e,0198a9ec-e6f4-74cb-b68f-93bb50294ec3,1755197569068,bg,175,255
0198a9ee-3cf3-76f5-a416-8b14492bbf07,0198a9ee-0a4c-767b-b0ae-2a6928eb935d,1755197619454,bg,159,255
0198a9ef-3647-72da-8f6b-2fcec9b2bb55,0198a9ef-1fc3-745f-bdb5-a8ce15918d14,1755197683272,wg,95,192
0198a9ef-6314-7778-a4e8-fb5c99e057ce,0198a9ef-1ff9-715b-bfe7-5bd6d5168af2,1755197694754,wg,95,192
0198a9ef-a1f6-74a6-8392-31c9560a4d0e,0198a9ef-8574-70eb-a044-e5d872cb91b6,1755197710839,wg,191,208
0198a9ef-b7d8-718e-8e39-50b54c325d6f,0198a9ef-8619-75ac-a9a9-39cff141296a,1755197716440,wg,191,208
0198a9f0-1746-757d-84a6-f577da6db657,0198a9ef-db32-714e-8b97-290268b60e81,1755197740883,ws,79,192
0198a9f0-3d25-75c9-a072-f8b7b3aef9d4,0198a9ef-db0e-759b-9434-2eb581c0bd05,1755197750566,ws,111,224
0198a9f0-7824-72cc-aceb-3b819adf1c6b,0198a9f0-608d-72fa-8fa8-c4f1b271d107,1755197765668,ws,127,208
0198a9f0-b86f-70be-a6fc-2a83527263f9,0198a9f0-5f16-70ba-9c19-5ac9ecd52d09,1755197782138,ws,127,208
0198a9f0-ce8e-7407-a516-68091eddc7ad,0198a9f0-5d7e-773b-88e1-43ef26adab65,1755197787790,ws,95,192
0198a9f1-00c0-7619-ac4c-8acf7afba6d3,0198a9f0-5c79-750a-91f6-376944befb60,1755197800651,ws,191,208
0198a9f1-2735-7239-a135-513b4e709f43,0198a9f0-62f3-767b-9805-76706f5dfd14,1755197810486,wg,111,208
0198a9f1-f375-713a-abcf-e8776984d19f,0198a9f1-44af-766d-8f01-6e554f575ba4,1755197862785,wg,95,208
0198a9f2-14e4-704c-bef6-9752e41fbaa2,0198a9f1-46d2-7582-b5d9-6f1671bab35d,1755197871332,wg,111,192
0198a9f2-73fc-72cf-b14f-cebaf77cd310,0198a9f1-4675-73b5-85eb-430db2c40b98,1755197895687,wg,143,224
0198a9f2-d180-70c2-bf75-3311e0404a1e,0198a9f2-9476-7159-a2e5-ce424fb53adc,1755197919629,wg,127,224
0198a9f3-05af-769c-9007-bfe74f340120,0198a9f2-95c8-765a-8a94-378be1c62eb6,1755197932985,wg,127,208
0198a9f3-11b7-700c-90aa-fe6293da2189,0198a9f2-9467-719c-8f57-c44b9ca991ed,1755197936055,wg,95,208
0198a9f4-9de1-72cd-8120-795affa16786,0198a9f2-9585-73e8-9fee-3f80336473fb,1755198037486,ws,175,255
0198a9f5-49a1-7457-b950-91900bfb4cec,0198a9f4-d6ad-7043-897c-c460182fe542,1755198081454,ws,89,232
0198a9f5-7a06-76d9-80fd-c9c1cff09930,0198a9f4-df98-77a0-8cde-39483d2a85fa,1755198093841,ws,143,240
0198a9f5-d4ae-730c-adbf-9bac4ff2cdea,0198a9f5-a64b-70ea-b98c-3b7e6e889b60,1755198117050,ws,175,208
0198a9f7-31e2-7494-b25a-e14049e47a9c,0198a568-341f-760a-ad2f-fdfdeed2af97,1755198206446,wg,111,224
0198a9f7-d540-744f-8469-5b5a0c104cfe,0198a9f7-a497-714e-ab1d-eb2b2e4b8cbc,1755198248256,wg,191,208
0198a9f7-e6d3-74d1-b4ea-41135c0ab243,0198a9f7-a614-761d-a7cb-906a2fb09e12,1755198252756,wg,95,192
0198a9f7-edfb-70ce-84ec-b7ffce60063d,0198a9f7-ace4-73ab-8cd6-45091bfe8c6f,1755198254587,wg,127,224
0198a9f8-1114-75f6-b333-5a7568176fbf,0198a9f7-a106-73ec-b8fe-9beaa8bafe80,1755198263572,ws,127,224
0198a9f8-71ad-718c-9e0d-6cbbf34c6dfa,0198a9f8-4d50-7723-8cee-4c1737fe4202,1755198288301,ws,159,208
0198a9f8-c646-7526-969c-3b5ee6278b0e,0198a9f8-9204-72be-9928-8084c71cf45d,1755198309970,wg,143,208
0198a9f8-d45d-745a-a946-8fa3bf6df8bf,0198a9f8-9418-705e-b8db-ed753a72706f,1755198313565,wg,111,224
0198a9f8-f340-7116-a9cf-97b99a9d0fec,0198a9f8-94cb-7413-bc4e-f2cb0156e6f3,1755198321472,wg,159,192
0198a9f9-35ae-703c-8dd5-990604c20688,0198a9f9-1db3-71d1-b192-11e3058dbbbe,1755198338479,wg,159,208
0198a9f9-53da-7135-99c4-ad53193e48b0,0198a9f9-2305-7615-a6a4-15ae85164cec,1755198346202,wg,159,208
0198a9f9-8838-70eb-91d7-1b39f44cc097,0198a9f9-2287-765e-8502-6e1bc5137dcb,1755198359621,ws,159,224
0198a9fb-4ed8-72fe-8e37-c862af47b8c8,0198a9fb-30e4-7667-b5fd-2a8112c83687,1755198475992,ws,175,208
0198a9fb-f883-739c-b1d9-f64ae098ccbf,0198a9fb-d37d-769d-9632-7820ecd6f6f3,1755198519427,wg,79,192
0198a9fc-614f-71f5-b2a0-5346e1f9a27d,0198a9fc-52b2-73bb-b22c-6a0b786321e2,1755198546255,ws,127,224
0198a9fc-dc0e-7741-8a1a-ea2b86c996a1,0198a9fc-52bd-71ce-980b-1a5c354f4fa7,1755198577690,ws,160,240
0198a9fd-7380-76ef-8b37-4862cba9086b,0198a9fd-2198-7245-b386-eb50f38d5b0f,1755198616461,wg,159,224
0198a9fd-b5ce-76fe-bcf4-2dfc281d60ca,0198a9fd-9c9c-76e0-be0b-43cf4868747a,1755198633423,wg,111,208
0198a9fd-c376-72fd-b215-b049e855875b,0198a9fd-a003-741d-96ad-74fd256da02a,1755198636918,wg,127,208
0198a9fd-ea2c-764c-9150-85dee295f3ad,0198a9fd-9994-738e-b68a-54b794ddd32c,1755198646829,wg,191,208
0198a9ff-7daf-71a0-9b6f-82ac4752cf75,0198a9ff-6471-722f-82a5-95d8e7580c70,1755198750127,wg,159,192
