0195c395-5af8-7216-8571-e8e66281d6f9,fav,1742743100171,wide,bg,0195c395-5af8-7216-8571-e8e66281d6f9
0195c395-5c29-76cf-8e71-03a8fe652939,fav,1742743100474,wide,bg,0195c395-5c29-76cf-8e71-03a8fe652939
0195c395-5c51-73b4-8f85-7bce44eed67a,fav,1742743100514,wide,bg,0195c395-5c51-73b4-8f85-7bce44eed67a
0195c3d3-74d7-709e-a377-4807b5b0ab8b,fav,1742747170027,wide,bg,0195c3d3-74d7-709e-a377-4807b5b0ab8b
0195c3d3-7691-76da-9fb2-adc0e67abe23,fav,1742747170488,wide,bg,0195c3d3-7691-76da-9fb2-adc0e67abe23
0195c3d3-76ed-72ce-995c-d9a0cdba1dc1,fav,1742747170581,wide,bg,0195c3d3-76ed-72ce-995c-d9a0cdba1dc1
0195c3d3-7856-703b-ab4d-ec1fe4d2ada6,fav,1742747170931,wide,bg,0195c3d3-7856-703b-ab4d-ec1fe4d2ada6
0195c3d4-62ff-755b-abc7-6401b63bcbc2,fav,1742747230994,tall,bg,0195c3d4-62ff-755b-abc7-6401b63bcbc2
0195c3d4-64d3-771a-a2f0-a9a20913bec2,fav,1742747231476,tall,bg,0195c3d4-64d3-771a-a2f0-a9a20913bec2
0195c3d4-652d-7151-9730-c246ba7fedbf,fav,1742747231579,tall,bg,0195c3d4-652d-7151-9730-c246ba7fedbf
0195c3da-6104-71f7-90c7-9739244dd4e6,fav,1742747623711,tall,ws,0195c3da-6104-71f7-90c7-9739244dd4e6
0195c3da-6139-76db-a1f6-50847faafed7,fav,1742747623760,tall,ws,0195c3da-6139-76db-a1f6-50847faafed7
0195c3da-6310-7375-8d99-64ead9908b9e,fav,1742747624230,tall,ws,0195c3da-6310-7375-8d99-64ead9908b9e
0195c3e1-f876-7169-9d32-01d415e55494,fav,1742748121230,tall,ws,0195c3e1-f876-7169-9d32-01d415e55494
0195c3e1-f89e-71a6-adba-63d44181c699,fav,1742748121270,tall,ws,0195c3e1-f89e-71a6-adba-63d44181c699
0195c3e1-fa0d-7552-92f4-59706001aff8,fav,1742748121637,tall,ws,0195c3e1-fa0d-7552-92f4-59706001aff8
0195c410-8101-72ee-a37e-c361ae697dad,fav,1742751170854,tall,bg,0195c410-8101-72ee-a37e-c361ae697dad
0195c410-80f4-707f-8aa4-c5e4fb4081de,fav,1742751170860,tall,bg,0195c410-80f4-707f-8aa4-c5e4fb4081de
0195c410-811b-749e-a77f-325f43788d1a,fav,1742751170860,tall,bg,0195c410-811b-749e-a77f-325f43788d1a
0195ce01-a220-73a6-a2eb-ce9e1281abcf,fav,1742917968434,wide,bg,0195ce01-a220-73a6-a2eb-ce9e1281abcf
0195ce01-a278-7092-812c-494428ef58a2,fav,1742917968519,wide,bg,0195ce01-a278-7092-812c-494428ef58a2
0195ce01-a3f8-710c-8676-1f8d292b65bc,fav,1742917968915,wide,bg,0195ce01-a3f8-710c-8676-1f8d292b65bc
0195ce01-a41c-754e-ba85-b86abf1ef7ff,fav,1742917968935,wide,bg,0195ce01-a41c-754e-ba85-b86abf1ef7ff
0195ce05-60f9-714b-ac7a-4c1daf5898f8,fav,1742918213913,wide,wg,0195ce05-60f9-714b-ac7a-4c1daf5898f8
0195ce05-643b-73ff-8081-759cc36d12b6,fav,1742918214746,wide,wg,0195ce05-643b-73ff-8081-759cc36d12b6
0195ce06-7133-706d-8928-fc2ee00a2f9d,fav,1742918283595,wide,ws,0195ce06-7133-706d-8928-fc2ee00a2f9d
0195ce06-7197-724f-b8ea-c909d9814177,fav,1742918283692,wide,ws,0195ce06-7197-724f-b8ea-c909d9814177
0195ce06-72be-7028-8f9d-eed3caf2f2d4,fav,1742918283984,wide,ws,0195ce06-72be-7028-8f9d-eed3caf2f2d4
0195ce06-7352-71b7-81f5-648d98d4ca7f,fav,1742918284151,wide,ws,0195ce06-7352-71b7-81f5-648d98d4ca7f
0195ce06-73ba-73c2-b463-6c43734d4001,fav,1742918284253,wide,ws,0195ce06-73ba-73c2-b463-6c43734d4001
0195ce07-4793-7664-9660-194605433bea,fav,1742918338463,wide,ws,0195ce07-4793-7664-9660-194605433bea
0195ce07-4936-70ed-aa05-0c0f557c65ba,fav,1742918338902,wide,ws,0195ce07-4936-70ed-aa05-0c0f557c65ba
0195ce08-4f53-760a-9fe7-db1e1df172e3,fav,1742918406003,wide,ws,0195ce08-4f53-760a-9fe7-db1e1df172e3
0195ce08-4ff4-728e-9624-8d947abe68f4,fav,1742918406163,wide,ws,0195ce08-4ff4-728e-9624-8d947abe68f4
0195ce08-4ffe-72d8-9e47-f8ee30c79563,fav,1742918406171,wide,ws,0195ce08-4ffe-72d8-9e47-f8ee30c79563
0195ce09-1a10-7470-8d1b-9cf74797eed3,fav,1742918457907,wide,bg,0195ce09-1a10-7470-8d1b-9cf74797eed3
0195ce09-1b63-748d-bc3e-8f5fc99f62d2,fav,1742918458241,wide,bg,0195ce09-1b63-748d-bc3e-8f5fc99f62d2
0195ce0a-0904-76b9-9192-5b5f7a69700e,fav,1742918519064,tall,bg,0195ce0a-0904-76b9-9192-5b5f7a69700e
0195ce0a-09d7-70ad-9002-65615407b8a8,fav,1742918519319,tall,bg,0195ce0a-09d7-70ad-9002-65615407b8a8
0195ce0a-0a2d-72c9-a51b-2e78fdea7fe7,fav,1742918519385,tall,bg,0195ce0a-0a2d-72c9-a51b-2e78fdea7fe7
0195ce0a-0a3d-718c-a044-231e539a732e,fav,1742918519396,tall,bg,0195ce0a-0a3d-718c-a044-231e539a732e
0195ce0a-0a52-774a-9159-af55c34be3d7,fav,1742918519397,tall,bg,0195ce0a-0a52-774a-9159-af55c34be3d7
0195ce0a-cad0-7319-9318-af92c03d73c6,fav,1742918568669,tall,ws,0195ce0a-cad0-7319-9318-af92c03d73c6
0195ce0a-ccb7-73af-b2ef-5f566699e368,fav,1742918569167,tall,ws,0195ce0a-ccb7-73af-b2ef-5f566699e368
0195ce0a-cd26-74e8-8389-d29c19f69ef3,fav,1742918569274,tall,ws,0195ce0a-cd26-74e8-8389-d29c19f69ef3
0195ce0a-cd5c-7476-981d-0febba0e098d,fav,1742918569351,tall,ws,0195ce0a-cd5c-7476-981d-0febba0e098d
0195ce0a-ced6-729f-8a38-d70b13770490,fav,1742918569703,tall,ws,0195ce0a-ced6-729f-8a38-d70b13770490
0195ce0b-82e1-777e-bdc5-b262783f36b5,fav,1742918615813,tall,ws,0195ce0b-82e1-777e-bdc5-b262783f36b5
0195ce0b-82f4-769b-ba25-f58b135cb2c2,fav,1742918615820,tall,ws,0195ce0b-82f4-769b-ba25-f58b135cb2c2
0195ce0b-8382-71e9-9829-8eeb495acb14,fav,1742918615964,tall,ws,0195ce0b-8382-71e9-9829-8eeb495acb14
0198907a-a7a2-748c-9909-dda1c3a62824,fav,1754770614202,wide,bg,0198907a-a7a2-748c-9909-dda1c3a62824
0198907a-a807-70dd-845e-89e025a17de8,fav,1754770614302,wide,bg,0198907a-a807-70dd-845e-89e025a17de8
0198907a-a8c8-75ea-baac-cebac5bb48af,fav,1754770614532,wide,bg,0198907a-a8c8-75ea-baac-cebac5bb48af
0198907a-a8da-7701-bcdb-11400b4eae10,fav,1754770614539,wide,bg,0198907a-a8da-7701-bcdb-11400b4eae10
0198907a-a8ee-76fa-a4d2-99d97c4331e8,fav,1754770614540,wide,bg,0198907a-a8ee-76fa-a4d2-99d97c4331e8
0198907a-a8e4-715f-b39b-0ea539b32bf1,fav,1754770614541,wide,bg,0198907a-a8e4-715f-b39b-0ea539b32bf1
0198907a-a8fb-7677-b140-885384fa2e96,fav,1754770614541,wide,bg,0198907a-a8fb-7677-b140-885384fa2e96
0198907a-aa3f-7164-8f58-d379e7a4062d,fav,1754770614886,wide,bg,0198907a-aa3f-7164-8f58-d379e7a4062d
0198a3fb-1913-7528-9716-e83d712ce458,fav,1755097798981,tall,bg,0198a3fb-1913-7528-9716-e83d712ce458
0198a3fb-1927-7349-bb1d-63ada9da46a9,fav,1755097798988,tall,bg,0198a3fb-1927-7349-bb1d-63ada9da46a9
0198a3fb-1998-7408-8344-6c87f7c3fad8,fav,1755097799083,tall,bg,0198a3fb-1998-7408-8344-6c87f7c3fad8
0198a3fb-1b63-72ef-b17b-e6b53d0b824e,fav,1755097799544,tall,bg,0198a3fb-1b63-72ef-b17b-e6b53d0b824e
0198a564-5d0d-70cf-b1ba-faa02651f634,fav,1755121474851,wide,ws,0198a564-5d0d-70cf-b1ba-faa02651f634
0198a564-5d2b-7560-a51f-9f1362d85844,fav,1755121474878,wide,ws,0198a564-5d2b-7560-a51f-9f1362d85844
0198a564-5d5d-755d-a5ba-d61087664e99,fav,1755121474921,wide,ws,0198a564-5d5d-755d-a5ba-d61087664e99
0198a564-60df-76cc-b6f8-e286144329f9,fav,1755121475817,wide,ws,0198a564-60df-76cc-b6f8-e286144329f9
0198a567-6648-76bb-b64c-8a76063b79d2,fav,1755121673819,tall,ws,0198a567-6648-76bb-b64c-8a76063b79d2
0198a567-67e9-7379-9892-23119181bf72,fav,1755121674238,tall,ws,0198a567-67e9-7379-9892-23119181bf72
0198a567-6a8f-752b-a422-bc6c789b0943,fav,1755121674932,tall,ws,0198a567-6a8f-752b-a422-bc6c789b0943
0198a568-329f-756f-b923-c02f3ead254f,fav,1755121726133,tall,ws,0198a568-329f-756f-b923-c02f3ead254f
0198a568-341f-760a-ad2f-fdfdeed2af97,fav,1755121726508,tall,ws,0198a568-341f-760a-ad2f-fdfdeed2af97
0198a568-34a2-7241-b063-1813b377511b,fav,1755121726652,tall,ws,0198a568-34a2-7241-b063-1813b377511b
0198a568-3648-73ba-8890-d3f2e7595518,fav,1755121727071,tall,ws,0198a568-3648-73ba-8890-d3f2e7595518
0198a568-384a-748a-a234-97791eb70840,fav,1755121727592,tall,ws,0198a568-384a-748a-a234-97791eb70840
0198a9cf-1beb-720c-bec0-a1276afcec8f,fav,1755195579400,wide,bg,0198a9cf-1beb-720c-bec0-a1276afcec8f
0198a9cf-1bff-7468-b77b-5762be0a9344,fav,1755195579401,wide,bg,0198a9cf-1bff-7468-b77b-5762be0a9344
0198a9cf-1cf8-7794-8ddd-294fc72a0ef1,fav,1755195579660,wide,bg,0198a9cf-1cf8-7794-8ddd-294fc72a0ef1
0198a9cf-2097-7229-a315-016deba371b6,fav,1755195580590,wide,bg,0198a9cf-2097-7229-a315-016deba371b6
0198a9cf-2347-765e-8819-0e114476e732,fav,1755195581283,wide,bg,0198a9cf-2347-765e-8819-0e114476e732
0198a9db-4ecb-753a-aeb5-7d388207dd4b,fav,1755196378847,wide,bg,0198a9db-4ecb-753a-aeb5-7d388207dd4b
0198a9db-5072-766d-a98c-147e558a227a,fav,1755196379266,wide,bg,0198a9db-5072-766d-a98c-147e558a227a
0198a9dd-634c-7200-a0d4-0d1f2db3f2c4,fav,1755196515213,wide,bg,0198a9dd-634c-7200-a0d4-0d1f2db3f2c4
0198a9dd-6555-7489-a20d-4659898eb420,fav,1755196515693,wide,bg,0198a9dd-6555-7489-a20d-4659898eb420
0198a9dd-669c-73f9-afd5-df9a40e76f0d,fav,1755196516020,wide,bg,0198a9dd-669c-73f9-afd5-df9a40e76f0d
0198a9de-8805-707c-a111-5fa769424f30,fav,1755196590105,wide,bg,0198a9de-8805-707c-a111-5fa769424f30
0198a9de-88cc-7541-b1d5-5043be184c4c,fav,1755196590312,wide,bg,0198a9de-88cc-7541-b1d5-5043be184c4c
0198a9de-89bd-7402-b293-c7389a647ee4,fav,1755196590546,wide,bg,0198a9de-89bd-7402-b293-c7389a647ee4
0198a9de-8a7c-7386-ab4a-2d7b1c793d00,fav,1755196590737,wide,bg,0198a9de-8a7c-7386-ab4a-2d7b1c793d00
0198a9de-8b47-724d-8aa3-d82382919725,fav,1755196590946,wide,bg,0198a9de-8b47-724d-8aa3-d82382919725
0198a9df-7d50-766e-9419-7bdb0c2f02f9,fav,1755196652897,wide,bg,0198a9df-7d50-766e-9419-7bdb0c2f02f9
0198a9df-7dab-7088-b1ce-30db2d5926a3,fav,1755196652993,wide,bg,0198a9df-7dab-7088-b1ce-30db2d5926a3
0198a9df-7e1e-7220-a9cd-6296b0cf1c4d,fav,1755196653103,wide,bg,0198a9df-7e1e-7220-a9cd-6296b0cf1c4d
0198a9df-7e91-76cb-905b-49c06d5e14db,fav,1755196653217,wide,bg,0198a9df-7e91-76cb-905b-49c06d5e14db
0198a9e0-df42-73db-a1af-c267b6abddd3,fav,1755196743525,wide,bg,0198a9e0-df42-73db-a1af-c267b6abddd3
0198a9e4-f6d2-7519-8a4d-c30a1da3028b,fav,1755197011687,tall,bg,0198a9e4-f6d2-7519-8a4d-c30a1da3028b
0198a9e4-f75e-710e-909b-2cc7c36f77ae,fav,1755197011826,tall,bg,0198a9e4-f75e-710e-909b-2cc7c36f77ae
0198a9e4-f826-7599-9ef8-dbe762e06f91,fav,1755197012034,tall,bg,0198a9e4-f826-7599-9ef8-dbe762e06f91
0198a9e6-227e-749c-96bf-32fad1547422,fav,1755197088405,tall,bg,0198a9e6-227e-749c-96bf-32fad1547422
0198a9e6-233b-7342-96ed-9c69dbf4391e,fav,1755197088600,tall,bg,0198a9e6-233b-7342-96ed-9c69dbf4391e
0198a9e6-2451-74af-9b40-24a798fee5d6,fav,1755197088880,tall,bg,0198a9e6-2451-74af-9b40-24a798fee5d6
0198a9e6-24ba-7355-b316-c1db6c748e3d,fav,1755197088978,tall,bg,0198a9e6-24ba-7355-b316-c1db6c748e3d
0198a9e7-3a96-70bd-85f3-6f6eaa632d95,fav,1755197160107,tall,bg,0198a9e7-3a96-70bd-85f3-6f6eaa632d95
0198a9e8-8106-756c-86fa-81ba0c9fad9a,fav,1755197243674,tall,bg,0198a9e8-8106-756c-86fa-81ba0c9fad9a
0198a9e8-8180-705e-8b63-2d2eb15cef47,fav,1755197243795,tall,bg,0198a9e8-8180-705e-8b63-2d2eb15cef47
0198a9e8-8210-77c1-bdd5-41af3eedede6,fav,1755197243944,tall,bg,0198a9e8-8210-77c1-bdd5-41af3eedede6
0198a9ea-595a-75fd-923e-e1bcb553c311,fav,1755197364593,tall,bg,0198a9ea-595a-75fd-923e-e1bcb553c311
0198a9ea-5aa7-73a3-af73-b7db07cd83a2,fav,1755197364961,tall,bg,0198a9ea-5aa7-73a3-af73-b7db07cd83a2
0198a9ea-5c23-73b9-ac12-554818fac524,fav,1755197365305,tall,bg,0198a9ea-5c23-73b9-ac12-554818fac524
0198a9eb-1bac-76f2-b2b4-bd28ab5edae0,fav,1755197414344,tall,bg,0198a9eb-1bac-76f2-b2b4-bd28ab5edae0
0198a9eb-1dbe-7038-9c19-de6ebb87a64b,fav,1755197414868,tall,bg,0198a9eb-1dbe-7038-9c19-de6ebb87a64b
0198a9eb-2077-76ae-a1c8-250a7a1d8d0b,fav,1755197415572,tall,bg,0198a9eb-2077-76ae-a1c8-250a7a1d8d0b
0198a9eb-215a-71ef-b9cb-86f9a22a3329,fav,1755197415803,tall,bg,0198a9eb-215a-71ef-b9cb-86f9a22a3329
0198a9ec-e6f4-74cb-b68f-93bb50294ec3,fav,1755197531918,tall,bg,0198a9ec-e6f4-74cb-b68f-93bb50294ec3
0198a9ec-e7b2-700f-b22d-1034a63969a1,fav,1755197532105,tall,bg,0198a9ec-e7b2-700f-b22d-1034a63969a1
0198a9ec-e868-769c-b362-968326a858b1,fav,1755197532287,tall,bg,0198a9ec-e868-769c-b362-968326a858b1
0198a9ee-0a4c-767b-b0ae-2a6928eb935d,fav,1755197606502,wide,bg,0198a9ee-0a4c-767b-b0ae-2a6928eb935d
0198a9ef-1fc3-745f-bdb5-a8ce15918d14,fav,1755197677523,wide,wg,0198a9ef-1fc3-745f-bdb5-a8ce15918d14
0198a9ef-1ff9-715b-bfe7-5bd6d5168af2,fav,1755197677578,wide,wg,0198a9ef-1ff9-715b-bfe7-5bd6d5168af2
0198a9ef-8574-70eb-a044-e5d872cb91b6,fav,1755197703564,wide,wg,0198a9ef-8574-70eb-a044-e5d872cb91b6
0198a9ef-8619-75ac-a9a9-39cff141296a,fav,1755197703721,wide,wg,0198a9ef-8619-75ac-a9a9-39cff141296a
0198a9ef-db0e-759b-9434-2eb581c0bd05,fav,1755197725475,wide,wg,0198a9ef-db0e-759b-9434-2eb581c0bd05
0198a9ef-db32-714e-8b97-290268b60e81,fav,1755197725508,wide,wg,0198a9ef-db32-714e-8b97-290268b60e81
0198a9f0-5c79-750a-91f6-376944befb60,fav,1755197758600,wide,ws,0198a9f0-5c79-750a-91f6-376944befb60
0198a9f0-5d7e-773b-88e1-43ef26adab65,fav,1755197758861,wide,ws,0198a9f0-5d7e-773b-88e1-43ef26adab65
0198a9f0-5f16-70ba-9c19-5ac9ecd52d09,fav,1755197759273,wide,ws,0198a9f0-5f16-70ba-9c19-5ac9ecd52d09
0198a9f0-608d-72fa-8fa8-c4f1b271d107,fav,1755197759647,wide,ws,0198a9f0-608d-72fa-8fa8-c4f1b271d107
0198a9f0-62f3-767b-9805-76706f5dfd14,fav,1755197760269,wide,ws,0198a9f0-62f3-767b-9805-76706f5dfd14
0198a9f1-44af-766d-8f01-6e554f575ba4,fav,1755197818046,wide,wg,0198a9f1-44af-766d-8f01-6e554f575ba4
0198a9f1-4675-73b5-85eb-430db2c40b98,fav,1755197818507,wide,wg,0198a9f1-4675-73b5-85eb-430db2c40b98
0198a9f1-46d2-7582-b5d9-6f1671bab35d,fav,1755197818589,wide,wg,0198a9f1-46d2-7582-b5d9-6f1671bab35d
0198a9f2-9467-719c-8f57-c44b9ca991ed,fav,1755197903986,wide,wg,0198a9f2-9467-719c-8f57-c44b9ca991ed
0198a9f2-9476-7159-a2e5-ce424fb53adc,fav,1755197904000,wide,wg,0198a9f2-9476-7159-a2e5-ce424fb53adc
0198a9f2-9585-73e8-9fee-3f80336473fb,fav,1755197904281,wide,wg,0198a9f2-9585-73e8-9fee-3f80336473fb
0198a9f2-95c8-765a-8a94-378be1c62eb6,fav,1755197904346,wide,wg,0198a9f2-95c8-765a-8a94-378be1c62eb6
0198a9f4-d6ad-7043-897c-c460182fe542,fav,1755198052031,wide,ws,0198a9f4-d6ad-7043-897c-c460182fe542
0198a9f4-df98-77a0-8cde-39483d2a85fa,fav,1755198054334,wide,ws,0198a9f4-df98-77a0-8cde-39483d2a85fa
0198a9f5-a64b-70ea-b98c-3b7e6e889b60,fav,1755198105181,wide,ws,0198a9f5-a64b-70ea-b98c-3b7e6e889b60
0198a9f7-a106-73ec-b8fe-9beaa8bafe80,fav,1755198234912,tall,wg,0198a9f7-a106-73ec-b8fe-9beaa8bafe80
0198a9f7-a497-714e-ab1d-eb2b2e4b8cbc,fav,1755198235838,tall,wg,0198a9f7-a497-714e-ab1d-eb2b2e4b8cbc
0198a9f7-a614-761d-a7cb-906a2fb09e12,fav,1755198236218,tall,wg,0198a9f7-a614-761d-a7cb-906a2fb09e12
0198a9f7-ace4-73ab-8cd6-45091bfe8c6f,fav,1755198237955,tall,wg,0198a9f7-ace4-73ab-8cd6-45091bfe8c6f
0198a9f8-4d50-7723-8cee-4c1737fe4202,fav,1755198279017,tall,ws,0198a9f8-4d50-7723-8cee-4c1737fe4202
0198a9f8-9204-72be-9928-8084c71cf45d,fav,1755198296597,tall,ws,0198a9f8-9204-72be-9928-8084c71cf45d
0198a9f8-9418-705e-b8db-ed753a72706f,fav,1755198297147,tall,ws,0198a9f8-9418-705e-b8db-ed753a72706f
0198a9f8-94cb-7413-bc4e-f2cb0156e6f3,fav,1755198297319,tall,ws,0198a9f8-94cb-7413-bc4e-f2cb0156e6f3
0198a9f9-1db3-71d1-b192-11e3058dbbbe,fav,1755198332359,tall,wg,0198a9f9-1db3-71d1-b192-11e3058dbbbe
0198a9f9-2287-765e-8502-6e1bc5137dcb,fav,1755198333597,tall,wg,0198a9f9-2287-765e-8502-6e1bc5137dcb
0198a9f9-2305-7615-a6a4-15ae85164cec,fav,1755198333729,tall,wg,0198a9f9-2305-7615-a6a4-15ae85164cec
0198a9fb-30e4-7667-b5fd-2a8112c83687,fav,1755198468342,tall,ws,0198a9fb-30e4-7667-b5fd-2a8112c83687
0198a9fb-d37d-769d-9632-7820ecd6f6f3,fav,1755198509969,tall,wg,0198a9fb-d37d-769d-9632-7820ecd6f6f3
0198a9fc-52b2-73bb-b22c-6a0b786321e2,fav,1755198542542,tall,ws,0198a9fc-52b2-73bb-b22c-6a0b786321e2
0198a9fc-52bd-71ce-980b-1a5c354f4fa7,fav,1755198542543,tall,ws,0198a9fc-52bd-71ce-980b-1a5c354f4fa7
0198a9fd-2198-7245-b386-eb50f38d5b0f,fav,1755198595500,tall,ws,0198a9fd-2198-7245-b386-eb50f38d5b0f
0198a9fd-9994-738e-b68a-54b794ddd32c,fav,1755198626215,tall,wg,0198a9fd-9994-738e-b68a-54b794ddd32c
0198a9fd-9c9c-76e0-be0b-43cf4868747a,fav,1755198626985,tall,wg,0198a9fd-9c9c-76e0-be0b-43cf4868747a
0198a9fd-a003-741d-96ad-74fd256da02a,fav,1755198627863,tall,wg,0198a9fd-a003-741d-96ad-74fd256da02a
0198a9ff-6471-722f-82a5-95d8e7580c70,fav,1755198743688,tall,wg,0198a9ff-6471-722f-82a5-95d8e7580c70
